{"topic_id":118,"word_level_id":13,"tag_id":0,"word":"allege","word_audio":"9b4a0ea7001e0e78d097ea4be84f804c_15208_1534153244.mp3","image_file":"a401ed27a6a537fcdc9285bd2659afd8_160453_1534153230.jpeg","accent":"/əˈledʒ/","mean_cn":"v. 断言；硬说","mean_en":"to state something as a fact but without giving proof","sentence_phrase":"","deformation_img":"","sentence":"Some people allege that these red envelopes were given by Cantonese people.","sentence_trans":"一些人断言这些红包是广东人发的。","sentence_audio":"26db3044b2b97624f523540ddae4a66e_27052_1554091170.mp3","cloze_data":{"syllable":"al-lege","cloze":"[all]ege","options":["ald|alk|alm|alt|ial"],"tips":[["re[all]ege","pre[all]ege"]]},"word_etyma":"al出 + lege讲，读 → 讲出来 → allege主张；宣称"}