{"topic_id":96,"word_level_id":13,"tag_id":0,"word":"afflict","word_audio":"afflict.mp3","image_file":"i_2_96_0_3_20150808140934.jpg","accent":"/əˈflɪkt/","mean_cn":"v. 使痛苦；使苦恼","mean_en":"to affect somebody/something in an unpleasant or harmful way","sentence_phrase":"","deformation_img":"","sentence":"She is afflicted by a bad headache.","sentence_trans":"头痛使她遭罪。","sentence_audio":"sa_2_96_0_3_20150808140934.aac","cloze_data":{"syllable":"af-flict","cloze":"[a]fflict","options":["e|i|o|u"],"tips":[["[a]fflicted","[a]fflicting"]]},"word_etyma":"af一再+flict打击→一再打击→折磨"}