{"topic_id":80,"word_level_id":13,"tag_id":0,"word":"adverb","word_audio":"9dbbbd93d8e6d25a4d29076a72be8f14_9104_1575258344.mp3","image_file":"3_0_20161224070725_94809_c.jpg","accent":"/ˈædvɜːrb/","mean_cn":"n. 副词（缩写形式为adv.）","mean_en":"a word that adds more information about place, time, manner, cause or degree to a verb, an adjective, a phrase or another adverb","sentence_phrase":"","deformation_img":"d_103_80_0_3_20150809000201.png","sentence":"Adverbs can be used to modify verbs.","sentence_trans":"副词可以用来修饰动词。","sentence_audio":"3_0_20161224070725_59171_c.aac","cloze_data":{"syllable":"ad-verb","cloze":"ad-v[er]b","options":["ar|ir|or|ur|a"],"tips":[["v[er]b","rev[er]b"]]},"word_etyma":"ad强调 + verb动词 → 修饰强调动词的词 → adverb副词"}